"Gene.ID","chromosome_name","start_position","end_position","Row.names","baseMean","log2FoldChange","lfcSE","stat","pvalue","padj","Gene.Name"
"ENSG00000154096","chrchr11",119415476,119424985,"ENSG00000154096",3146.01390083656,12.3719333003742,0.840617342317081,14.7176755433955,4.96432744456438e-49,1.10650345714391e-46,"THY1"
"ENSG00000166049","chrchrX",151563675,151676739,"ENSG00000166049",251.228544115509,11.0759207911942,1.19214651215209,9.29073790703775,1.53222327555977e-20,8.57695211647817e-19,"PASD1"
"ENSG00000198879","chrchr10",7158624,7411488,"ENSG00000198879",260.22213715198,-11.8075303640926,1.20886013133174,-9.76749092641916,1.5524918090777e-22,1.03434766779802e-20,"SFMBT2"
